{"cameraMode":{"drawMode":0,"name":"Shaded","section":"Shading Mode"},"sceneLighting":false,"audioPlay":false,"sceneViewState":{"showFog":true,"showMaterialUpdate":true,"showSkybox":true,"showFlares":true,"showImageEffects":true,"showParticleSystems":true},"in2DMode":false,"pivot":{"x":-0.06000000238418579,"y":0.597442626953125,"z":0.0},"rotation":{"x":-0.28611165285110476,"y":0.07205604761838913,"z":-0.021611157804727556,"w":-0.9552607536315918},"size":1.9134182929992676,"orthographic":false}